{
  "swagger" : "2.0",
  "info" : {
    "title" : "CustomerOfferREST",
    "version" : "1.0.0",
    "description" : "CustomerOfferREST"
  },
  "paths" : {
    "/extracash-disbursement/execute" : {
      "post" : {
        "operationId" : "postExtracashDisbursementExecute",
        "responses" : {
          "200" : {
            "description" : "The operation was successful.",
            "headers" : {
              "busResponseCode" : {
                "description" : "Codigo de respuesta técnica.",
                "type" : "integer",
                "format" : "int32"
              },
              "busResponseMessage" : {
                "description" : "Detalle de respuesta técnica.",
                "type" : "string"
              },
              "srvResponseCode" : {
                "description" : "Código de respuesta del proveedor.",
                "type" : "string"
              },
              "srvResponseMessage" : {
                "description" : "Detalle de respuesta del proveedor.",
                "type" : "string"
              },
              "X-Global-Transaction-ID" : {
                "description" : "Identificador de mensaje interno, generado por la transacción.",
                "type" : "string"
              },
              "messageId" : {
                "description" : "Identificador de mensaje enviado por el cliente.",
                "type" : "string"
              },
              "timeStamp" : {
                "description" : "Fecha en la que se finaliza la transacción.",
                "type" : "string"
              }
            },
            "schema" : {
              "$ref" : "#/definitions/ExtracashDisbursementExecuteResponse"
            }
          },
          "209" : {
            "description" : "OK. A functional error occurred",
            "headers" : {
              "busResponseCode" : {
                "description" : "Codigo de respuesta tecnica.",
                "type" : "integer",
                "format" : "int32"
              },
              "busResponseMessage" : {
                "description" : "Detalle de respuesta tecnica.",
                "type" : "string"
              },
              "srvResponseCode" : {
                "description" : "Codigo de respuesta del proveedor.",
                "type" : "string"
              },
              "srvResponseMessage" : {
                "description" : "Detalle de respuesta del proveedor.",
                "type" : "string"
              },
              "X-Global-Transaction-ID" : {
                "description" : "Identificador de mensaje interno, generado por la transacción.",
                "type" : "string"
              },
              "messageId" : {
                "description" : "Identificador de mensaje enviado por el cliente.",
                "type" : "string"
              },
              "timeStamp" : {
                "description" : "Fecha en la que se finaliza la transacción.",
                "type" : "string"
              }
            }
          },
          "500" : {
            "description" : "Internal Server Error.",
            "headers" : {
              "busResponseCode" : {
                "description" : "Codigo de respuesta tecnica.",
                "type" : "integer",
                "format" : "int32"
              },
              "busResponseMessage" : {
                "description" : "Detalle de respuesta tecnica.",
                "type" : "string"
              },
              "X-Global-Transaction-ID" : {
                "description" : "Identificador de mensaje interno, generado por la transacción.",
                "type" : "string"
              },
              "messageId" : {
                "description" : "Identificador de mensaje enviado por el cliente.",
                "type" : "string"
              },
              "timeStamp" : {
                "description" : "Fecha en la que se finaliza la transacción.",
                "type" : "string"
              }
            }
          },
          "503" : {
            "description" : "Service Unavailable.",
            "headers" : {
              "busResponseCode" : {
                "description" : "Codigo de respuesta tecnica.",
                "type" : "integer",
                "format" : "int32"
              },
              "busResponseMessage" : {
                "description" : "Detalle de respuesta tecnica.",
                "type" : "string"
              },
              "X-Global-Transaction-ID" : {
                "description" : "Identificador de mensaje interno, generado por la transacción.",
                "type" : "string"
              },
              "messageId" : {
                "description" : "Identificador de mensaje enviado por el cliente.",
                "type" : "string"
              },
              "timeStamp" : {
                "description" : "Fecha en la que se finaliza la transacción.",
                "type" : "string"
              }
            }
          },
          "504" : {
            "description" : "Gateway Timeout.",
            "headers" : {
              "busResponseCode" : {
                "description" : "Codigo de respuesta tecnica.",
                "type" : "integer",
                "format" : "int32"
              },
              "busResponseMessage" : {
                "description" : "Detalle de respuesta tecnica.",
                "type" : "string"
              },
              "X-Global-Transaction-ID" : {
                "description" : "Identificador de mensaje interno, generado por la transacción.",
                "type" : "string"
              },
              "messageId" : {
                "description" : "Identificador de mensaje enviado por el cliente.",
                "type" : "string"
              },
              "timeStamp" : {
                "description" : "Fecha en la que se finaliza la transacción.",
                "type" : "string"
              }
            }
          }
        },
        "consumes" : [ "application/json" ],
        "produces" : [ "application/json" ],
        "description" : "Insert a full-information",
        "parameters" : [ {
          "name" : "body",
          "in" : "body",
          "schema" : {
            "$ref" : "#/definitions/ExtracashDisbursementExecuteRequest"
          },
          "description" : "BODY",
          "required" : true
        }, {
          "name" : "parentId",
          "in" : "header",
          "type" : "string",
          "description" : "Identificador de la petición.",
          "required" : true,
          "x-example" : "53ce929d0e0e4736"
        }, {
          "name" : "traceId",
          "in" : "header",
          "type" : "string",
          "description" : "Identificador de la petición.",
          "required" : true,
          "x-example" : "53ce929d0e0e4736"
        }, {
          "name" : "consumerId",
          "in" : "header",
          "type" : "string",
          "description" : "Identificador de consumidor.",
          "required" : true,
          "x-example" : "BPI"
        }, {
          "name" : "branchId",
          "in" : "header",
          "type" : "string",
          "description" : "Código de la sucursal donde se realizó la transacción.",
          "x-example" : "7"
        }, {
          "name" : "userId",
          "in" : "header",
          "type" : "string",
          "description" : "Identificador del usuario que realizó la transacción",
          "x-example" : "S23052"
        }, {
          "name" : "deviceId",
          "in" : "header",
          "type" : "string",
          "description" : "Identificador del dispositivo de donde se realizó la transacción. Ejemplo: Para ventanilla la IP de la OC, para ATM el código del cajero, etc.",
          "x-example" : "130.30.20.80"
        }, {
          "name" : "serviceId",
          "in" : "header",
          "type" : "string",
          "description" : "Identificador del servicio invocado.",
          "x-example" : "BIP"
        }, {
          "name" : "moduloId",
          "in" : "header",
          "type" : "string",
          "description" : "Identificador del módulo de la aplicación consumidora.",
          "x-example" : "modcontacto"
        }, {
          "name" : "channelId",
          "in" : "query",
          "type" : "string",
          "description" : "Código del canal desde donde se originó la transacción.",
          "x-example" : "11"
        }, {
          "name" : "messageId",
          "in" : "header",
          "type" : "string",
          "description" : "Identificador único de la transacción del canal desde donde se invoca el servicio.",
          "required" : true,
          "x-example" : "20160623152105"
        }, {
          "name" : "timeStamp",
          "in" : "header",
          "type" : "string",
          "description" : "Fecha en la se origina la transacción en el consumidor con formato.",
          "required" : true,
          "x-example" : "2016-05-24T11:57:48"
        }, {
          "name" : "countryCode",
          "in" : "header",
          "type" : "string",
          "description" : "Código del país donde se originó la transacción.",
          "x-example" : "PE"
        }, {
          "name" : "groupMember",
          "in" : "header",
          "type" : "string",
          "description" : "Identificador de miembro del grupo.",
          "x-example" : "G0001"
        }, {
          "name" : "referenceNumber",
          "in" : "header",
          "type" : "string",
          "description" : "Número de referencia de la transacción.",
          "x-example" : "REF01092"
        }, {
          "name" : "cardIdType",
          "in" : "header",
          "type" : "string",
          "description" : "Tipo de llave para identificar el PAN (aplica para operaciones PCI).",
          "x-example" : ""
        }, {
          "name" : "netId",
          "in" : "header",
          "type" : "string",
          "description" : "Identificador de la red a la que pertenece el usuario.",
          "x-example" : "BI"
        }, {
          "name" : "supervisorId",
          "in" : "header",
          "type" : "string",
          "description" : "Identificador del usuario supervisor que autoriza la transacción.",
          "x-example" : "S2058"
        }, {
          "name" : "serverId",
          "in" : "header",
          "type" : "string",
          "description" : "IP o Hostname del servidor de donde se realizó la transacción.",
          "x-example" : "server12"
        }, {
          "name" : "ipOrigen",
          "in" : "header",
          "type" : "string",
          "required" : true,
          "x-example" : "130.30.20.80"
        }, {
          "name" : "funcionalidadId",
          "in" : "header",
          "type" : "string",
          "required" : true,
          "x-example" : ""
        }, {
          "name" : "x-globa-transaction-id",
          "in" : "header",
          "type" : "string",
          "x-example" : "20160623152105"
        }, {
          "name" : "operationNumber",
          "in" : "header",
          "type" : "string",
          "description" : "Numero de operación"
        } ]
      }
    },
    "/health" : {
      "get" : {
        "operationId" : "getHealth",
        "responses" : {
          "200" : {
            "description" : "The operation was successful.",
            "schema" : {
              "$ref" : "#/definitions/HealthResponse"
            }
          }
        },
        "produces" : [ "application/json" ],
        "description" : "Retrieve health"
      }
    }
  },
  "basePath" : "/customer-offer/v1",
  "definitions" : {
    "HealthResponse" : {
      "type" : "object",
      "properties" : {
        "status" : {
          "type" : "string"
        }
      }
    },
    "ExtracashDisbursementExecuteRequest" : {
      "type" : "object",
      "properties" : {
        "customer" : {
          "type" : "object",
          "properties" : {
            "identificationDocumentType" : {
              "type" : "string"
            },
            "identificationDocumentNumber" : {
              "type" : "string"
            }
          }
        },
        "transaction" : {
          "type" : "object",
          "properties" : {
            "datosBSE" : {
              "type" : "object",
              "properties" : {
                "currencyCode" : {
                  "type" : "string"
                },
                "amount" : {
                  "type" : "string"
                }
              }
            },
            "exchangeRate" : {
              "type" : "object",
              "properties" : {
                "purchase" : {
                  "type" : "string"
                },
                "sale" : {
                  "type" : "string"
                }
              }
            }
          }
        },
        "paymentMethod" : {
          "type" : "object",
          "properties" : {
            "paymentMethodIdentification" : {
              "type" : "string"
            },
            "operationType" : {
              "type" : "string"
            },
            "currencyCode" : {
              "type" : "string"
            },
            "amount" : {
              "type" : "string"
            },
            "equivalentCurrencyCode" : {
              "type" : "string"
            },
            "changeOfArbitration" : {
              "type" : "string"
            },
            "tradingRateIndicator" : {
              "type" : "string"
            },
            "taxIndicator" : {
              "type" : "string"
            },
            "customerAcount" : {
              "type" : "object",
              "properties" : {
                "controlAccountCode" : {
                  "type" : "object",
                  "properties" : {
                    "organisationCode" : {
                      "type" : "string"
                    },
                    "currencyCode" : {
                      "type" : "string"
                    },
                    "accountType" : {
                      "type" : "string"
                    }
                  }
                },
                "controlAccountNumber" : {
                  "type" : "object",
                  "properties" : {
                    "accountBranchId" : {
                      "type" : "string"
                    },
                    "accountNumber" : {
                      "type" : "string"
                    }
                  }
                },
                "electronNumber" : {
                  "type" : "string"
                },
                "retentionType" : {
                  "type" : "string"
                },
                "dinamicGloss" : {
                  "type" : "string"
                }
              }
            },
            "accountingAccount" : {
              "type" : "object",
              "properties" : {
                "branchCodeSender" : {
                  "type" : "string"
                },
                "branchCodeReciver" : {
                  "type" : "string"
                },
                "accountingAccountNumber" : {
                  "type" : "string"
                },
                "noteNumber" : {
                  "type" : "string"
                },
                "taxIndicator" : {
                  "type" : "string"
                }
              }
            },
            "chargeCard" : {
              "type" : "object",
              "properties" : {
                "cardId" : {
                  "type" : "string"
                },
                "cardHolderIndicator" : {
                  "type" : "string"
                },
                "dinamicGloss" : {
                  "type" : "string"
                }
              }
            }
          }
        },
        "disbursementCash" : {
          "type" : "object",
          "properties" : {
            "cardId" : {
              "type" : "string"
            },
            "disbursementAmount" : {
              "type" : "string"
            },
            "selectedPaymentTerm" : {
              "type" : "string"
            },
            "installment" : {
              "type" : "object",
              "properties" : {
                "amount" : {
                  "type" : "string"
                },
                "lower" : {
                  "type" : "string"
                },
                "top" : {
                  "type" : "string"
                }
              }
            },
            "deferredInterestAmount" : {
              "type" : "string"
            },
            "financedAmount" : {
              "type" : "string"
            },
            "firstDueDate" : {
              "type" : "string"
            },
            "insuranceAmount" : {
              "type" : "string"
            },
            "insuranceEligibility" : {
              "type" : "string"
            }
          }
        }
      }
    },
    "ExtracashDisbursementExecuteResponse" : {
      "type" : "object",
      "properties" : {
        "cards" : {
          "type" : "object",
          "properties" : {
            "cardUseType" : {
              "type" : "string"
            },
            "cardId" : {
              "type" : "string"
            },
            "CardBrandIdentification" : {
              "type" : "string"
            },
            "CardType" : {
              "type" : "string"
            },
            "status" : {
              "type" : "string"
            },
            "activationDate" : {
              "type" : "string"
            },
            "lockDate" : {
              "type" : "string"
            },
            "cancellationDate" : {
              "type" : "string"
            },
            "beneficiaryType" : {
              "type" : "string"
            }
          }
        }
      }
    }
  }
}